<?xml version="1.0" encoding="UTF-8"?>
<root>
  <item name="com.google.android.encryptionrunner.EncryptionRunnerFactory com.google.android.encryptionrunner.EncryptionRunner newRunner(int) 0">
    <annotation name="androidx.annotation.IntDef">
      <val name="value" val="{com.google.android.encryptionrunner.EncryptionRunnerFactory.EncryptionRunnerType.UKEY2, com.google.android.encryptionrunner.EncryptionRunnerFactory.EncryptionRunnerType.OOB_UKEY2}" />
    </annotation>
  </item>
  <item name="com.google.android.encryptionrunner.EncryptionRunnerFactory.EncryptionRunnerType">
    <annotation name="androidx.annotation.IntDef">
      <val name="value" val="{com.google.android.encryptionrunner.EncryptionRunnerFactory.EncryptionRunnerType.UKEY2, com.google.android.encryptionrunner.EncryptionRunnerFactory.EncryptionRunnerType.OOB_UKEY2}" />
    </annotation>
  </item>
  <item name="com.google.android.encryptionrunner.FakeEncryptionRunner int getMode()">
    <annotation name="androidx.annotation.IntDef">
      <val name="value" val="{com.google.android.encryptionrunner.FakeEncryptionRunner.Mode.UNKNOWN, com.google.android.encryptionrunner.FakeEncryptionRunner.Mode.CLIENT, com.google.android.encryptionrunner.FakeEncryptionRunner.Mode.SERVER}" />
    </annotation>
  </item>
  <item name="com.google.android.encryptionrunner.FakeEncryptionRunner int getState()">
    <annotation name="androidx.annotation.IntDef">
      <val name="value" val="{com.google.android.encryptionrunner.HandshakeMessage.HandshakeState.UNKNOWN, com.google.android.encryptionrunner.HandshakeMessage.HandshakeState.IN_PROGRESS, com.google.android.encryptionrunner.HandshakeMessage.HandshakeState.VERIFICATION_NEEDED, com.google.android.encryptionrunner.HandshakeMessage.HandshakeState.FINISHED, com.google.android.encryptionrunner.HandshakeMessage.HandshakeState.INVALID, com.google.android.encryptionrunner.HandshakeMessage.HandshakeState.RESUMING_SESSION, com.google.android.encryptionrunner.HandshakeMessage.HandshakeState.OOB_VERIFICATION_NEEDED}" />
    </annotation>
  </item>
  <item name="com.google.android.encryptionrunner.FakeEncryptionRunner mode">
    <annotation name="androidx.annotation.IntDef">
      <val name="value" val="{com.google.android.encryptionrunner.FakeEncryptionRunner.Mode.UNKNOWN, com.google.android.encryptionrunner.FakeEncryptionRunner.Mode.CLIENT, com.google.android.encryptionrunner.FakeEncryptionRunner.Mode.SERVER}" />
    </annotation>
  </item>
  <item name="com.google.android.encryptionrunner.FakeEncryptionRunner state">
    <annotation name="androidx.annotation.IntDef">
      <val name="value" val="{com.google.android.encryptionrunner.HandshakeMessage.HandshakeState.UNKNOWN, com.google.android.encryptionrunner.HandshakeMessage.HandshakeState.IN_PROGRESS, com.google.android.encryptionrunner.HandshakeMessage.HandshakeState.VERIFICATION_NEEDED, com.google.android.encryptionrunner.HandshakeMessage.HandshakeState.FINISHED, com.google.android.encryptionrunner.HandshakeMessage.HandshakeState.INVALID, com.google.android.encryptionrunner.HandshakeMessage.HandshakeState.RESUMING_SESSION, com.google.android.encryptionrunner.HandshakeMessage.HandshakeState.OOB_VERIFICATION_NEEDED}" />
    </annotation>
  </item>
  <item name="com.google.android.encryptionrunner.FakeEncryptionRunner void setState(int) 0">
    <annotation name="androidx.annotation.IntDef">
      <val name="value" val="{com.google.android.encryptionrunner.HandshakeMessage.HandshakeState.UNKNOWN, com.google.android.encryptionrunner.HandshakeMessage.HandshakeState.IN_PROGRESS, com.google.android.encryptionrunner.HandshakeMessage.HandshakeState.VERIFICATION_NEEDED, com.google.android.encryptionrunner.HandshakeMessage.HandshakeState.FINISHED, com.google.android.encryptionrunner.HandshakeMessage.HandshakeState.INVALID, com.google.android.encryptionrunner.HandshakeMessage.HandshakeState.RESUMING_SESSION, com.google.android.encryptionrunner.HandshakeMessage.HandshakeState.OOB_VERIFICATION_NEEDED}" />
    </annotation>
  </item>
  <item name="com.google.android.encryptionrunner.HandshakeMessage HandshakeMessage(int, com.google.android.encryptionrunner.Key, byte[], java.lang.String, byte[]) 0">
    <annotation name="androidx.annotation.IntDef">
      <val name="value" val="{com.google.android.encryptionrunner.HandshakeMessage.HandshakeState.UNKNOWN, com.google.android.encryptionrunner.HandshakeMessage.HandshakeState.IN_PROGRESS, com.google.android.encryptionrunner.HandshakeMessage.HandshakeState.VERIFICATION_NEEDED, com.google.android.encryptionrunner.HandshakeMessage.HandshakeState.FINISHED, com.google.android.encryptionrunner.HandshakeMessage.HandshakeState.INVALID, com.google.android.encryptionrunner.HandshakeMessage.HandshakeState.RESUMING_SESSION, com.google.android.encryptionrunner.HandshakeMessage.HandshakeState.OOB_VERIFICATION_NEEDED}" />
    </annotation>
  </item>
  <item name="com.google.android.encryptionrunner.HandshakeMessage handshakeState">
    <annotation name="androidx.annotation.IntDef">
      <val name="value" val="{com.google.android.encryptionrunner.HandshakeMessage.HandshakeState.UNKNOWN, com.google.android.encryptionrunner.HandshakeMessage.HandshakeState.IN_PROGRESS, com.google.android.encryptionrunner.HandshakeMessage.HandshakeState.VERIFICATION_NEEDED, com.google.android.encryptionrunner.HandshakeMessage.HandshakeState.FINISHED, com.google.android.encryptionrunner.HandshakeMessage.HandshakeState.INVALID, com.google.android.encryptionrunner.HandshakeMessage.HandshakeState.RESUMING_SESSION, com.google.android.encryptionrunner.HandshakeMessage.HandshakeState.OOB_VERIFICATION_NEEDED}" />
    </annotation>
  </item>
  <item name="com.google.android.encryptionrunner.HandshakeMessage int getHandshakeState()">
    <annotation name="androidx.annotation.IntDef">
      <val name="value" val="{com.google.android.encryptionrunner.HandshakeMessage.HandshakeState.UNKNOWN, com.google.android.encryptionrunner.HandshakeMessage.HandshakeState.IN_PROGRESS, com.google.android.encryptionrunner.HandshakeMessage.HandshakeState.VERIFICATION_NEEDED, com.google.android.encryptionrunner.HandshakeMessage.HandshakeState.FINISHED, com.google.android.encryptionrunner.HandshakeMessage.HandshakeState.INVALID, com.google.android.encryptionrunner.HandshakeMessage.HandshakeState.RESUMING_SESSION, com.google.android.encryptionrunner.HandshakeMessage.HandshakeState.OOB_VERIFICATION_NEEDED}" />
    </annotation>
  </item>
  <item name="com.google.android.encryptionrunner.HandshakeMessage.Builder com.google.android.encryptionrunner.HandshakeMessage.Builder setHandshakeState(int) 0">
    <annotation name="androidx.annotation.IntDef">
      <val name="value" val="{com.google.android.encryptionrunner.HandshakeMessage.HandshakeState.UNKNOWN, com.google.android.encryptionrunner.HandshakeMessage.HandshakeState.IN_PROGRESS, com.google.android.encryptionrunner.HandshakeMessage.HandshakeState.VERIFICATION_NEEDED, com.google.android.encryptionrunner.HandshakeMessage.HandshakeState.FINISHED, com.google.android.encryptionrunner.HandshakeMessage.HandshakeState.INVALID, com.google.android.encryptionrunner.HandshakeMessage.HandshakeState.RESUMING_SESSION, com.google.android.encryptionrunner.HandshakeMessage.HandshakeState.OOB_VERIFICATION_NEEDED}" />
    </annotation>
  </item>
  <item name="com.google.android.encryptionrunner.HandshakeMessage.Builder handshakeState">
    <annotation name="androidx.annotation.IntDef">
      <val name="value" val="{com.google.android.encryptionrunner.HandshakeMessage.HandshakeState.UNKNOWN, com.google.android.encryptionrunner.HandshakeMessage.HandshakeState.IN_PROGRESS, com.google.android.encryptionrunner.HandshakeMessage.HandshakeState.VERIFICATION_NEEDED, com.google.android.encryptionrunner.HandshakeMessage.HandshakeState.FINISHED, com.google.android.encryptionrunner.HandshakeMessage.HandshakeState.INVALID, com.google.android.encryptionrunner.HandshakeMessage.HandshakeState.RESUMING_SESSION, com.google.android.encryptionrunner.HandshakeMessage.HandshakeState.OOB_VERIFICATION_NEEDED}" />
    </annotation>
  </item>
  <item name="com.google.android.encryptionrunner.HandshakeMessage.HandshakeState">
    <annotation name="androidx.annotation.IntDef">
      <val name="value" val="{com.google.android.encryptionrunner.HandshakeMessage.HandshakeState.UNKNOWN, com.google.android.encryptionrunner.HandshakeMessage.HandshakeState.IN_PROGRESS, com.google.android.encryptionrunner.HandshakeMessage.HandshakeState.VERIFICATION_NEEDED, com.google.android.encryptionrunner.HandshakeMessage.HandshakeState.FINISHED, com.google.android.encryptionrunner.HandshakeMessage.HandshakeState.INVALID, com.google.android.encryptionrunner.HandshakeMessage.HandshakeState.RESUMING_SESSION, com.google.android.encryptionrunner.HandshakeMessage.HandshakeState.OOB_VERIFICATION_NEEDED}" />
    </annotation>
  </item>
  <item name="com.google.android.encryptionrunner.Ukey2EncryptionRunner int getNextHandshakeMessageState()">
    <annotation name="androidx.annotation.IntDef">
      <val name="value" val="{com.google.android.encryptionrunner.HandshakeMessage.HandshakeState.UNKNOWN, com.google.android.encryptionrunner.HandshakeMessage.HandshakeState.IN_PROGRESS, com.google.android.encryptionrunner.HandshakeMessage.HandshakeState.VERIFICATION_NEEDED, com.google.android.encryptionrunner.HandshakeMessage.HandshakeState.FINISHED, com.google.android.encryptionrunner.HandshakeMessage.HandshakeState.INVALID, com.google.android.encryptionrunner.HandshakeMessage.HandshakeState.RESUMING_SESSION, com.google.android.encryptionrunner.HandshakeMessage.HandshakeState.OOB_VERIFICATION_NEEDED}" />
    </annotation>
  </item>
  <item name="com.google.android.encryptionrunner.Ukey2EncryptionRunner mode">
    <annotation name="androidx.annotation.IntDef">
      <val name="value" val="{com.google.android.encryptionrunner.Ukey2EncryptionRunner.Mode.UNKNOWN, com.google.android.encryptionrunner.Ukey2EncryptionRunner.Mode.CLIENT, com.google.android.encryptionrunner.Ukey2EncryptionRunner.Mode.SERVER}" />
    </annotation>
  </item>
</root>

